{"baby_swing_n04371774": {"alexnet": 1, "polynet": 1, "xception": 1, "nasnetalarge": 1, "nasnetamobile": 1, "pnasnet5large": 1, "squeezenet1_0": 1, "squeezenet1_1": 1, "vgg11_bn": 1, "vgg13_bn": 1, "vgg16_bn": 1, "vgg19_bn": 1, "vgg11": 1, "vgg16": 1, "vgg19": 1, "vgg13": 1, "densenet121": 1, "densenet161": 1, "densenet169": 1, "densenet201": 1, "bninception": 1, "inceptionresnetv2": 1, "inceptionv4": 1, "dpn68": 1, "dpn68b": 1, "dpn92": 1, "dpn98": 1, "dpn131": 1, "resnet18": 1, "resnet34": 1, "resnet50": 1, "resnet101": 1, "resnet152": 1, "fbresnet152": 1, "cafferesnet101": 1, "se_resnet50": 1, "se_resnet101": 1, "se_resnet152": 1, "se_resnext101_32x4d": 1, "resnext101_32x4d": 1, "se_resnext50_32x4d": 1, "senet154": 1}, "biliard_table_n03982430": {"alexnet": 1, "polynet": 1, "xception": 1, "nasnetalarge": 1, "nasnetamobile": 1, "pnasnet5large": 1, "squeezenet1_0": 1, "squeezenet1_1": 1, "vgg11_bn": 1, "vgg13_bn": 1, "vgg16_bn": 1, "vgg19_bn": 1, "vgg11": 1, "vgg16": 1, "vgg19": 1, "vgg13": 1, "densenet121": 1, "densenet161": 1, "densenet169": 1, "densenet201": 1, "bninception": 1, "inceptionresnetv2": 1, "inceptionv4": 1, "dpn68": 1, "dpn68b": 1, "dpn92": 1, "dpn98": 1, "dpn131": 1, "resnet18": 1, "resnet34": 1, "resnet50": 1, "resnet101": 1, "resnet152": 1, "fbresnet152": 1, "cafferesnet101": 1, "se_resnet50": 1, "se_resnet101": 1, "se_resnet152": 1, "se_resnext101_32x4d": 1, "resnext101_32x4d": 1, "se_resnext50_32x4d": 1, "senet154": 1}, "cuboard_n04550184": {"alexnet": 1, "polynet": 1, "xception": 1, "nasnetalarge": 1, "nasnetamobile": 1, "pnasnet5large": 1, "squeezenet1_0": 1, "squeezenet1_1": 1, "vgg11_bn": 1, "vgg13_bn": 1, "vgg16_bn": 1, "vgg19_bn": 1, "vgg11": 1, "vgg16": 1, "vgg19": 1, "vgg13": 1, "densenet121": 1, "densenet161": 1, "densenet169": 1, "densenet201": 1, "bninception": 1, "inceptionresnetv2": 1, "inceptionv4": 1, "dpn68": 1, "dpn68b": 1, "dpn92": 1, "dpn98": 1, "dpn131": 1, "resnet18": 1, "resnet34": 1, "resnet50": 1, "resnet101": 1, "resnet152": 1, "fbresnet152": 1, "cafferesnet101": 1, "se_resnet50": 1, "se_resnet101": 1, "se_resnet152": 1, "se_resnext101_32x4d": 1, "resnext101_32x4d": 1, "se_resnext50_32x4d": 1, "senet154": 1}, "dashboard_n03163222": {"alexnet": 1, "polynet": 1, "xception": 1, "nasnetalarge": 1, "nasnetamobile": 1, "pnasnet5large": 1, "squeezenet1_0": 1, "squeezenet1_1": 1, "vgg11_bn": 1, "vgg13_bn": 1, "vgg16_bn": 1, "vgg19_bn": 1, "vgg11": 1, "vgg16": 1, "vgg19": 1, "vgg13": 1, "densenet121": 1, "densenet161": 1, "densenet169": 1, "densenet201": 1, "bninception": 1, "inceptionresnetv2": 1, "inceptionv4": 1, "dpn68": 1, "dpn68b": 1, "dpn92": 1, "dpn98": 1, "dpn131": 1, "resnet18": 1, "resnet34": 1, "resnet50": 1, "resnet101": 1, "resnet152": 1, "fbresnet152": 1, "cafferesnet101": 1, "se_resnet50": 1, "se_resnet101": 1, "se_resnet152": 1, "se_resnext101_32x4d": 1, "resnext101_32x4d": 1, "se_resnext50_32x4d": 1, "senet154": 1}, "data": {"alexnet": 1, "polynet": 1, "xception": 1, "nasnetalarge": 1, "nasnetamobile": 1, "pnasnet5large": 1, "squeezenet1_0": 1, "squeezenet1_1": 1, "vgg11_bn": 1, "vgg13_bn": 1, "vgg16_bn": 1, "vgg19_bn": 1, "vgg11": 1, "vgg16": 1, "vgg19": 1, "vgg13": 1, "densenet121": 1, "densenet161": 1, "densenet169": 1, "densenet201": 1, "bninception": 1, "inceptionresnetv2": 1, "inceptionv4": 1, "dpn68": 1, "dpn68b": 1, "dpn92": 1, "dpn98": 1, "dpn131": 1, "resnet18": 1, "resnet34": 1, "resnet50": 1, "resnet101": 1, "resnet152": 1, "fbresnet152": 1, "cafferesnet101": 1, "se_resnet50": 1, "se_resnet101": 1, "se_resnet152": 1, "se_resnext101_32x4d": 1, "resnext101_32x4d": 1, "se_resnext50_32x4d": 1, "senet154": 1}, "data2": {"alexnet": 1, "polynet": 1, "xception": 1, "nasnetalarge": 1, "nasnetamobile": 1, "pnasnet5large": 1, "squeezenet1_0": 1, "squeezenet1_1": 1, "vgg11_bn": 1, "vgg13_bn": 1, "vgg16_bn": 1, "vgg19_bn": 1, "vgg11": 1, "vgg16": 1, "vgg19": 1, "vgg13": 1, "densenet121": 1, "densenet161": 1, "densenet169": 1, "densenet201": 1, "bninception": 1, "inceptionresnetv2": 1, "inceptionv4": 1, "dpn68": 1, "dpn68b": 1, "dpn92": 1, "dpn98": 1, "dpn131": 1, "resnet18": 1, "resnet34": 1, "resnet50": 1, "resnet101": 1, "resnet152": 1, "fbresnet152": 1, "cafferesnet101": 1, "se_resnet50": 1, "se_resnet101": 1, "se_resnet152": 1, "se_resnext101_32x4d": 1, "resnext101_32x4d": 1, "se_resnext50_32x4d": 1, "senet154": 1}, "deer_n02432291": {"alexnet": 1, "polynet": 1, "xception": 1, "nasnetalarge": 1, "nasnetamobile": 1, "pnasnet5large": 1, "squeezenet1_0": 1, "squeezenet1_1": 1, "vgg11_bn": 1, "vgg13_bn": 1, "vgg16_bn": 1, "vgg19_bn": 1, "vgg11": 1, "vgg16": 1, "vgg19": 1, "vgg13": 1, "densenet121": 1, "densenet161": 1, "densenet169": 1, "densenet201": 1, "bninception": 1, "inceptionresnetv2": 1, "inceptionv4": 1, "dpn68": 1, "dpn68b": 1, "dpn92": 1, "dpn98": 1, "dpn131": 1, "resnet18": 1, "resnet34": 1, "resnet50": 1, "resnet101": 1, "resnet152": 1, "fbresnet152": 1, "cafferesnet101": 1, "se_resnet50": 1, "se_resnet101": 1, "se_resnet152": 1, "se_resnext101_32x4d": 1, "resnext101_32x4d": 1, "se_resnext50_32x4d": 1, "senet154": 1}, "dog_2_n02099849": {"alexnet": 1, "polynet": 1, "xception": 1, "nasnetalarge": 1, "nasnetamobile": 1, "pnasnet5large": 1, "squeezenet1_0": 1, "squeezenet1_1": 1, "vgg11_bn": 1, "vgg13_bn": 1, "vgg16_bn": 1, "vgg19_bn": 1, "vgg11": 0, "vgg16": 0, "vgg19": 0, "vgg13": 0, "densenet121": 0, "densenet161": 0, "densenet169": 0, "densenet201": 0, "bninception": 0, "inceptionresnetv2": 0, "inceptionv4": 0, "dpn68": 0, "dpn68b": 0, "dpn92": 0, "dpn98": 0, "dpn131": 0, "resnet18": 0, "resnet34": 0, "resnet50": 0, "resnet101": 0, "resnet152": 0, "fbresnet152": 0, "cafferesnet101": 0, "se_resnet50": 0, "se_resnet101": 0, "se_resnet152": 0, "se_resnext101_32x4d": 0, "resnext101_32x4d": 0, "se_resnext50_32x4d": 0, "senet154": 0}, "dog_3_n02100583": {"alexnet": 0, "polynet": 0, "xception": 0, "nasnetalarge": 0, "nasnetamobile": 0, "pnasnet5large": 0, "squeezenet1_0": 0, "squeezenet1_1": 0, "vgg11_bn": 0, "vgg13_bn": 0, "vgg16_bn": 0, "vgg19_bn": 0, "vgg11": 0, "vgg16": 0, "vgg19": 0, "vgg13": 0, "densenet121": 0, "densenet161": 0, "densenet169": 0, "densenet201": 0, "bninception": 0, "inceptionresnetv2": 0, "inceptionv4": 0, "dpn68": 0, "dpn68b": 0, "dpn92": 0, "dpn98": 0, "dpn131": 0, "resnet18": 0, "resnet34": 0, "resnet50": 0, "resnet101": 0, "resnet152": 0, "fbresnet152": 0, "cafferesnet101": 0, "se_resnet50": 0, "se_resnet101": 0, "se_resnet152": 0, "se_resnext101_32x4d": 0, "resnext101_32x4d": 0, "se_resnext50_32x4d": 0, "senet154": 0}, "dog_4_n02100735": {"alexnet": 0, "polynet": 0, "xception": 0, "nasnetalarge": 0, "nasnetamobile": 0, "pnasnet5large": 0, "squeezenet1_0": 0, "squeezenet1_1": 0, "vgg11_bn": 0, "vgg13_bn": 0, "vgg16_bn": 0, "vgg19_bn": 0, "vgg11": 0, "vgg16": 0, "vgg19": 0, "vgg13": 0, "densenet121": 0, "densenet161": 0, "densenet169": 0, "densenet201": 0, "bninception": 0, "inceptionresnetv2": 0, "inceptionv4": 0, "dpn68": 0, "dpn68b": 0, "dpn92": 0, "dpn98": 0, "dpn131": 0, "resnet18": 0, "resnet34": 0, "resnet50": 0, "resnet101": 0, "resnet152": 0, "fbresnet152": 0, "cafferesnet101": 0, "se_resnet50": 0, "se_resnet101": 0, "se_resnet152": 0, "se_resnext101_32x4d": 0, "resnext101_32x4d": 0, "se_resnext50_32x4d": 0, "senet154": 0}, "dog_n02087394": {"alexnet": 0, "polynet": 0, "xception": 0, "nasnetalarge": 0, "nasnetamobile": 0, "pnasnet5large": 0, "squeezenet1_0": 0, "squeezenet1_1": 0, "vgg11_bn": 0, "vgg13_bn": 0, "vgg16_bn": 0, "vgg19_bn": 0, "vgg11": 0, "vgg16": 0, "vgg19": 0, "vgg13": 0, "densenet121": 0, "densenet161": 0, "densenet169": 0, "densenet201": 0, "bninception": 0, "inceptionresnetv2": 0, "inceptionv4": 0, "dpn68": 0, "dpn68b": 0, "dpn92": 0, "dpn98": 0, "dpn131": 0, "resnet18": 0, "resnet34": 0, "resnet50": 0, "resnet101": 0, "resnet152": 0, "fbresnet152": 0, "cafferesnet101": 0, "se_resnet50": 0, "se_resnet101": 0, "se_resnet152": 0, "se_resnext101_32x4d": 0, "resnext101_32x4d": 0, "se_resnext50_32x4d": 0, "senet154": 0}, "furniters_n03405725": {"alexnet": 0, "polynet": 0, "xception": 0, "nasnetalarge": 0, "nasnetamobile": 0, "pnasnet5large": 0, "squeezenet1_0": 0, "squeezenet1_1": 0, "vgg11_bn": 0, "vgg13_bn": 0, "vgg16_bn": 0, "vgg19_bn": 0, "vgg11": 0, "vgg16": 0, "vgg19": 0, "vgg13": 0, "densenet121": 0, "densenet161": 0, "densenet169": 0, "densenet201": 0, "bninception": 0, "inceptionresnetv2": 0, "inceptionv4": 0, "dpn68": 0, "dpn68b": 0, "dpn92": 0, "dpn98": 0, "dpn131": 0, "resnet18": 0, "resnet34": 0, "resnet50": 0, "resnet101": 0, "resnet152": 0, "fbresnet152": 0, "cafferesnet101": 0, "se_resnet50": 0, "se_resnet101": 0, "se_resnet152": 0, "se_resnext101_32x4d": 0, "resnext101_32x4d": 0, "se_resnext50_32x4d": 0, "senet154": 0}, "guinea_pigs_n02329401": {"alexnet": 0, "polynet": 0, "xception": 0, "nasnetalarge": 0, "nasnetamobile": 0, "pnasnet5large": 0, "squeezenet1_0": 0, "squeezenet1_1": 0, "vgg11_bn": 0, "vgg13_bn": 0, "vgg16_bn": 0, "vgg19_bn": 0, "vgg11": 0, "vgg16": 0, "vgg19": 0, "vgg13": 0, "densenet121": 0, "densenet161": 0, "densenet169": 0, "densenet201": 0, "bninception": 0, "inceptionresnetv2": 0, "inceptionv4": 0, "dpn68": 0, "dpn68b": 0, "dpn92": 0, "dpn98": 0, "dpn131": 0, "resnet18": 0, "resnet34": 0, "resnet50": 0, "resnet101": 0, "resnet152": 0, "fbresnet152": 0, "cafferesnet101": 0, "se_resnet50": 0, "se_resnet101": 0, "se_resnet152": 0, "se_resnext101_32x4d": 0, "resnext101_32x4d": 0, "se_resnext50_32x4d": 0, "senet154": 0}, "horse_n02377388": {"alexnet": 0, "polynet": 0, "xception": 0, "nasnetalarge": 0, "nasnetamobile": 0, "pnasnet5large": 0, "squeezenet1_0": 0, "squeezenet1_1": 0, "vgg11_bn": 0, "vgg13_bn": 0, "vgg16_bn": 0, "vgg19_bn": 0, "vgg11": 0, "vgg16": 0, "vgg19": 0, "vgg13": 0, "densenet121": 0, "densenet161": 0, "densenet169": 0, "densenet201": 0, "bninception": 0, "inceptionresnetv2": 0, "inceptionv4": 0, "dpn68": 0, "dpn68b": 0, "dpn92": 0, "dpn98": 0, "dpn131": 0, "resnet18": 0, "resnet34": 0, "resnet50": 0, "resnet101": 0, "resnet152": 0, "fbresnet152": 0, "cafferesnet101": 0, "se_resnet50": 0, "se_resnet101": 0, "se_resnet152": 0, "se_resnext101_32x4d": 0, "resnext101_32x4d": 0, "se_resnext50_32x4d": 0, "senet154": 0}, "instruments_n03800933": {"alexnet": 0, "polynet": 0, "xception": 0, "nasnetalarge": 0, "nasnetamobile": 0, "pnasnet5large": 0, "squeezenet1_0": 0, "squeezenet1_1": 0, "vgg11_bn": 0, "vgg13_bn": 0, "vgg16_bn": 0, "vgg19_bn": 0, "vgg11": 0, "vgg16": 0, "vgg19": 0, "vgg13": 0, "densenet121": 0, "densenet161": 0, "densenet169": 0, "densenet201": 0, "bninception": 0, "inceptionresnetv2": 0, "inceptionv4": 0, "dpn68": 0, "dpn68b": 0, "dpn92": 0, "dpn98": 0, "dpn131": 0, "resnet18": 0, "resnet34": 0, "resnet50": 0, "resnet101": 0, "resnet152": 0, "fbresnet152": 0, "cafferesnet101": 0, "se_resnet50": 0, "se_resnet101": 0, "se_resnet152": 0, "se_resnext101_32x4d": 0, "resnext101_32x4d": 0, "se_resnext50_32x4d": 0, "senet154": 0}, "koala_n01882714": {"alexnet": 0, "polynet": 0, "xception": 0, "nasnetalarge": 0, "nasnetamobile": 0, "pnasnet5large": 0, "squeezenet1_0": 0, "squeezenet1_1": 0, "vgg11_bn": 0, "vgg13_bn": 0, "vgg16_bn": 0, "vgg19_bn": 0, "vgg11": 0, "vgg16": 0, "vgg19": 0, "vgg13": 0, "densenet121": 0, "densenet161": 0, "densenet169": 0, "densenet201": 0, "bninception": 0, "inceptionresnetv2": 0, "inceptionv4": 0, "dpn68": 0, "dpn68b": 0, "dpn92": 0, "dpn98": 0, "dpn131": 0, "resnet18": 0, "resnet34": 0, "resnet50": 0, "resnet101": 0, "resnet152": 0, "fbresnet152": 0, "cafferesnet101": 0, "se_resnet50": 0, "se_resnet101": 0, "se_resnet152": 0, "se_resnext101_32x4d": 0, "resnext101_32x4d": 0, "se_resnext50_32x4d": 0, "senet154": 0}, "lawn_mower_n03649909": {"alexnet": 0, "polynet": 0, "xception": 0, "nasnetalarge": 0, "nasnetamobile": 0, "pnasnet5large": 0, "squeezenet1_0": 0, "squeezenet1_1": 0, "vgg11_bn": 0, "vgg13_bn": 0, "vgg16_bn": 0, "vgg19_bn": 0, "vgg11": 0, "vgg16": 0, "vgg19": 0, "vgg13": 0, "densenet121": 0, "densenet161": 0, "densenet169": 0, "densenet201": 0, "bninception": 0, "inceptionresnetv2": 0, "inceptionv4": 0, "dpn68": 0, "dpn68b": 0, "dpn92": 0, "dpn98": 0, "dpn131": 0, "resnet18": 0, "resnet34": 0, "resnet50": 0, "resnet101": 0, "resnet152": 0, "fbresnet152": 0, "cafferesnet101": 0, "se_resnet50": 0, "se_resnet101": 0, "se_resnet152": 0, "se_resnext101_32x4d": 0, "resnext101_32x4d": 0, "se_resnext50_32x4d": 0, "senet154": 0}, "microphone_n03759954": {"alexnet": 0, "polynet": 0, "xception": 0, "nasnetalarge": 0, "nasnetamobile": 0, "pnasnet5large": 0, "squeezenet1_0": 0, "squeezenet1_1": 0, "vgg11_bn": 0, "vgg13_bn": 0, "vgg16_bn": 0, "vgg19_bn": 0, "vgg11": 0, "vgg16": 0, "vgg19": 0, "vgg13": 0, "densenet121": 0, "densenet161": 0, "densenet169": 0, "densenet201": 0, "bninception": 0, "inceptionresnetv2": 0, "inceptionv4": 0, "dpn68": 0, "dpn68b": 0, "dpn92": 0, "dpn98": 0, "dpn131": 0, "resnet18": 0, "resnet34": 0, "resnet50": 0, "resnet101": 0, "resnet152": 0, "fbresnet152": 0, "cafferesnet101": 0, "se_resnet50": 0, "se_resnet101": 0, "se_resnet152": 0, "se_resnext101_32x4d": 0, "resnext101_32x4d": 0, "se_resnext50_32x4d": 0, "senet154": 0}, "mountains_n09403734": {"alexnet": 0, "polynet": 0, "xception": 0, "nasnetalarge": 0, "nasnetamobile": 0, "pnasnet5large": 0, "squeezenet1_0": 0, "squeezenet1_1": 0, "vgg11_bn": 0, "vgg13_bn": 0, "vgg16_bn": 0, "vgg19_bn": 0, "vgg11": 0, "vgg16": 0, "vgg19": 0, "vgg13": 0, "densenet121": 0, "densenet161": 0, "densenet169": 0, "densenet201": 0, "bninception": 0, "inceptionresnetv2": 0, "inceptionv4": 0, "dpn68": 0, "dpn68b": 0, "dpn92": 0, "dpn98": 0, "dpn131": 0, "resnet18": 0, "resnet34": 0, "resnet50": 0, "resnet101": 0, "resnet152": 0, "fbresnet152": 0, "cafferesnet101": 0, "se_resnet50": 0, "se_resnet101": 0, "se_resnet152": 0, "se_resnext101_32x4d": 0, "resnext101_32x4d": 0, "se_resnext50_32x4d": 0, "senet154": 0}, "penguins_n02056570": {"alexnet": 0, "polynet": 0, "xception": 0, "nasnetalarge": 0, "nasnetamobile": 0, "pnasnet5large": 0, "squeezenet1_0": 0, "squeezenet1_1": 0, "vgg11_bn": 0, "vgg13_bn": 0, "vgg16_bn": 0, "vgg19_bn": 0, "vgg11": 0, "vgg16": 0, "vgg19": 0, "vgg13": 0, "densenet121": 0, "densenet161": 0, "densenet169": 0, "densenet201": 0, "bninception": 0, "inceptionresnetv2": 0, "inceptionv4": 0, "dpn68": 0, "dpn68b": 0, "dpn92": 0, "dpn98": 0, "dpn131": 0, "resnet18": 0, "resnet34": 0, "resnet50": 0, "resnet101": 0, "resnet152": 0, "fbresnet152": 0, "cafferesnet101": 0, "se_resnet50": 0, "se_resnet101": 0, "se_resnet152": 0, "se_resnext101_32x4d": 0, "resnext101_32x4d": 0, "se_resnext50_32x4d": 0, "senet154": 0}, "playing_shetar_n04224842": {"alexnet": 0, "polynet": 0, "xception": 0, "nasnetalarge": 0, "nasnetamobile": 0, "pnasnet5large": 0, "squeezenet1_0": 0, "squeezenet1_1": 0, "vgg11_bn": 0, "vgg13_bn": 0, "vgg16_bn": 0, "vgg19_bn": 0, "vgg11": 0, "vgg16": 0, "vgg19": 0, "vgg13": 0, "densenet121": 0, "densenet161": 0, "densenet169": 0, "densenet201": 0, "bninception": 0, "inceptionresnetv2": 0, "inceptionv4": 0, "dpn68": 0, "dpn68b": 0, "dpn92": 0, "dpn98": 0, "dpn131": 0, "resnet18": 0, "resnet34": 0, "resnet50": 0, "resnet101": 0, "resnet152": 0, "fbresnet152": 0, "cafferesnet101": 0, "se_resnet50": 0, "se_resnet101": 0, "se_resnet152": 0, "se_resnext101_32x4d": 0, "resnext101_32x4d": 0, "se_resnext50_32x4d": 0, "senet154": 0}, "puppy_2_n02094433": {"alexnet": 0, "polynet": 0, "xception": 0, "nasnetalarge": 0, "nasnetamobile": 0, "pnasnet5large": 0, "squeezenet1_0": 0, "squeezenet1_1": 0, "vgg11_bn": 0, "vgg13_bn": 0, "vgg16_bn": 0, "vgg19_bn": 0, "vgg11": 0, "vgg16": 0, "vgg19": 0, "vgg13": 0, "densenet121": 0, "densenet161": 0, "densenet169": 0, "densenet201": 0, "bninception": 0, "inceptionresnetv2": 0, "inceptionv4": 0, "dpn68": 0, "dpn68b": 0, "dpn92": 0, "dpn98": 0, "dpn131": 0, "resnet18": 0, "resnet34": 0, "resnet50": 0, "resnet101": 0, "resnet152": 0, "fbresnet152": 0, "cafferesnet101": 0, "se_resnet50": 0, "se_resnet101": 0, "se_resnet152": 0, "se_resnext101_32x4d": 0, "resnext101_32x4d": 0, "se_resnext50_32x4d": 0, "senet154": 0}, "puppy_3_n02108915": {"alexnet": 0, "polynet": 0, "xception": 0, "nasnetalarge": 0, "nasnetamobile": 0, "pnasnet5large": 0, "squeezenet1_0": 0, "squeezenet1_1": 0, "vgg11_bn": 0, "vgg13_bn": 0, "vgg16_bn": 0, "vgg19_bn": 0, "vgg11": 0, "vgg16": 0, "vgg19": 0, "vgg13": 0, "densenet121": 0, "densenet161": 0, "densenet169": 0, "densenet201": 0, "bninception": 0, "inceptionresnetv2": 0, "inceptionv4": 0, "dpn68": 0, "dpn68b": 0, "dpn92": 0, "dpn98": 0, "dpn131": 0, "resnet18": 0, "resnet34": 0, "resnet50": 0, "resnet101": 0, "resnet152": 0, "fbresnet152": 0, "cafferesnet101": 0, "se_resnet50": 0, "se_resnet101": 0, "se_resnet152": 0, "se_resnext101_32x4d": 0, "resnext101_32x4d": 0, "se_resnext50_32x4d": 0, "senet154": 0}, "puppy_n02086240": {"alexnet": 0, "polynet": 0, "xception": 0, "nasnetalarge": 0, "nasnetamobile": 0, "pnasnet5large": 0, "squeezenet1_0": 0, "squeezenet1_1": 0, "vgg11_bn": 0, "vgg13_bn": 0, "vgg16_bn": 0, "vgg19_bn": 0, "vgg11": 0, "vgg16": 0, "vgg19": 0, "vgg13": 0, "densenet121": 0, "densenet161": 0, "densenet169": 0, "densenet201": 0, "bninception": 0, "inceptionresnetv2": 0, "inceptionv4": 0, "dpn68": 0, "dpn68b": 0, "dpn92": 0, "dpn98": 0, "dpn131": 0, "resnet18": 0, "resnet34": 0, "resnet50": 0, "resnet101": 0, "resnet152": 0, "fbresnet152": 0, "cafferesnet101": 0, "se_resnet50": 0, "se_resnet101": 0, "se_resnet152": 0, "se_resnext101_32x4d": 0, "resnext101_32x4d": 0, "se_resnext50_32x4d": 0, "senet154": 0}, "saxophone_n03110669": {"alexnet": 0, "polynet": 0, "xception": 0, "nasnetalarge": 0, "nasnetamobile": 0, "pnasnet5large": 0, "squeezenet1_0": 0, "squeezenet1_1": 0, "vgg11_bn": 0, "vgg13_bn": 0, "vgg16_bn": 0, "vgg19_bn": 0, "vgg11": 0, "vgg16": 0, "vgg19": 0, "vgg13": 0, "densenet121": 0, "densenet161": 0, "densenet169": 0, "densenet201": 0, "bninception": 0, "inceptionresnetv2": 0, "inceptionv4": 0, "dpn68": 0, "dpn68b": 0, "dpn92": 0, "dpn98": 0, "dpn131": 0, "resnet18": 0, "resnet34": 0, "resnet50": 0, "resnet101": 0, "resnet152": 0, "fbresnet152": 0, "cafferesnet101": 0, "se_resnet50": 0, "se_resnet101": 0, "se_resnet152": 0, "se_resnext101_32x4d": 0, "resnext101_32x4d": 0, "se_resnext50_32x4d": 0, "senet154": 0}, "sea_beach_n09428293": {"alexnet": 0, "polynet": 0, "xception": 0, "nasnetalarge": 0, "nasnetamobile": 0, "pnasnet5large": 0, "squeezenet1_0": 0, "squeezenet1_1": 0, "vgg11_bn": 0, "vgg13_bn": 0, "vgg16_bn": 0, "vgg19_bn": 0, "vgg11": 0, "vgg16": 0, "vgg19": 0, "vgg13": 0, "densenet121": 0, "densenet161": 0, "densenet169": 0, "densenet201": 0, "bninception": 0, "inceptionresnetv2": 0, "inceptionv4": 0, "dpn68": 0, "dpn68b": 0, "dpn92": 0, "dpn98": 0, "dpn131": 0, "resnet18": 0, "resnet34": 0, "resnet50": 0, "resnet101": 0, "resnet152": 0, "fbresnet152": 0, "cafferesnet101": 0, "se_resnet50": 0, "se_resnet101": 0, "se_resnet152": 0, "se_resnext101_32x4d": 0, "resnext101_32x4d": 0, "se_resnext50_32x4d": 0, "senet154": 0}, "squirrel_n02356381": {"alexnet": 0, "polynet": 0, "xception": 0, "nasnetalarge": 0, "nasnetamobile": 0, "pnasnet5large": 0, "squeezenet1_0": 0, "squeezenet1_1": 0, "vgg11_bn": 0, "vgg13_bn": 0, "vgg16_bn": 0, "vgg19_bn": 0, "vgg11": 0, "vgg16": 0, "vgg19": 0, "vgg13": 0, "densenet121": 0, "densenet161": 0, "densenet169": 0, "densenet201": 0, "bninception": 0, "inceptionresnetv2": 0, "inceptionv4": 0, "dpn68": 0, "dpn68b": 0, "dpn92": 0, "dpn98": 0, "dpn131": 0, "resnet18": 0, "resnet34": 0, "resnet50": 0, "resnet101": 0, "resnet152": 0, "fbresnet152": 0, "cafferesnet101": 0, "se_resnet50": 0, "se_resnet101": 0, "se_resnet152": 0, "se_resnext101_32x4d": 0, "resnext101_32x4d": 0, "se_resnext50_32x4d": 0, "senet154": 0}, "steering_wheel_n04313503": {"alexnet": 0, "polynet": 0, "xception": 0, "nasnetalarge": 0, "nasnetamobile": 0, "pnasnet5large": 0, "squeezenet1_0": 0, "squeezenet1_1": 0, "vgg11_bn": 0, "vgg13_bn": 0, "vgg16_bn": 0, "vgg19_bn": 0, "vgg11": 0, "vgg16": 0, "vgg19": 0, "vgg13": 0, "densenet121": 0, "densenet161": 0, "densenet169": 0, "densenet201": 0, "bninception": 0, "inceptionresnetv2": 0, "inceptionv4": 0, "dpn68": 0, "dpn68b": 0, "dpn92": 0, "dpn98": 0, "dpn131": 0, "resnet18": 0, "resnet34": 0, "resnet50": 0, "resnet101": 0, "resnet152": 0, "fbresnet152": 0, "cafferesnet101": 0, "se_resnet50": 0, "se_resnet101": 0, "se_resnet152": 0, "se_resnext101_32x4d": 0, "resnext101_32x4d": 0, "se_resnext50_32x4d": 0, "senet154": 0}, "string_instrument_n04338517": {"alexnet": 0, "polynet": 0, "xception": 0, "nasnetalarge": 0, "nasnetamobile": 0, "pnasnet5large": 0, "squeezenet1_0": 0, "squeezenet1_1": 0, "vgg11_bn": 0, "vgg13_bn": 0, "vgg16_bn": 0, "vgg19_bn": 0, "vgg11": 0, "vgg16": 0, "vgg19": 0, "vgg13": 0, "densenet121": 0, "densenet161": 0, "densenet169": 0, "densenet201": 0, "bninception": 0, "inceptionresnetv2": 0, "inceptionv4": 0, "dpn68": 0, "dpn68b": 0, "dpn92": 0, "dpn98": 0, "dpn131": 0, "resnet18": 0, "resnet34": 0, "resnet50": 0, "resnet101": 0, "resnet152": 0, "fbresnet152": 0, "cafferesnet101": 0, "se_resnet50": 0, "se_resnet101": 0, "se_resnet152": 0, "se_resnext101_32x4d": 0, "resnext101_32x4d": 0, "se_resnext50_32x4d": 0, "senet154": 0}, "two_wheel_n04168199": {"alexnet": 0, "polynet": 0, "xception": 0, "nasnetalarge": 0, "nasnetamobile": 0, "pnasnet5large": 0, "squeezenet1_0": 0, "squeezenet1_1": 0, "vgg11_bn": 0, "vgg13_bn": 0, "vgg16_bn": 0, "vgg19_bn": 0, "vgg11": 0, "vgg16": 0, "vgg19": 0, "vgg13": 0, "densenet121": 0, "densenet161": 0, "densenet169": 0, "densenet201": 0, "bninception": 0, "inceptionresnetv2": 0, "inceptionv4": 0, "dpn68": 0, "dpn68b": 0, "dpn92": 0, "dpn98": 0, "dpn131": 0, "resnet18": 0, "resnet34": 0, "resnet50": 0, "resnet101": 0, "resnet152": 0, "fbresnet152": 0, "cafferesnet101": 0, "se_resnet50": 0, "se_resnet101": 0, "se_resnet152": 0, "se_resnext101_32x4d": 0, "resnext101_32x4d": 0, "se_resnext50_32x4d": 0, "senet154": 0}}